"","age","Medu","traveltime","studytime","failures","freetime","goout","Walc","health","G2","G3"
"1",18,4,2,2,0,3,4,1,3,11,11
"3",15,1,1,2,0,3,2,3,3,13,12
"4",15,4,1,3,0,2,2,1,5,14,14
"5",16,3,1,2,0,3,2,2,5,13,13
"6",16,4,1,2,0,4,2,2,5,12,13
"7",16,2,1,2,0,4,4,1,3,12,13
"8",17,4,2,2,0,1,4,1,1,13,13
"9",15,3,1,2,0,2,2,1,1,16,17
"10",15,3,1,2,0,5,1,1,5,12,13
"11",15,4,1,2,0,3,3,2,2,14,14
"13",15,4,1,1,0,3,3,3,5,13,12
"14",15,4,2,2,0,4,3,2,3,12,13
"15",15,2,1,3,0,5,2,1,3,14,15
"16",16,4,1,1,0,4,4,2,2,17,17
"18",16,3,3,2,0,3,2,1,4,14,14
"19",17,3,1,1,3,5,5,4,5,8,7
"20",16,4,1,1,0,1,3,3,5,12,12
"22",15,4,1,1,0,4,2,1,5,12,12
"23",16,4,1,2,0,5,1,3,5,13,14
"24",16,2,2,2,0,4,4,4,5,10,10
"25",15,2,1,3,0,3,2,1,5,11,10
"26",16,2,1,1,0,2,2,3,5,11,12
"27",15,2,1,1,0,2,2,2,5,12,12
"30",16,4,1,2,0,4,5,5,5,11,12
"31",15,4,1,2,0,4,2,4,5,11,11
"32",15,4,2,2,0,3,1,1,5,15,15
"34",15,3,1,2,0,3,2,1,2,12,12
"35",16,3,1,1,0,4,3,1,5,12,12
"37",15,4,1,3,0,4,3,1,4,14,14
"38",16,4,2,3,0,4,3,1,5,13,13
"39",15,3,1,3,0,3,2,1,5,12,12
"40",15,2,1,1,0,3,1,1,2,13,12
"41",16,2,2,2,0,3,3,2,3,11,10
"42",15,4,1,1,0,4,3,4,5,11,11
"43",15,4,1,2,0,3,3,1,5,15,15
"44",15,2,1,1,0,4,1,1,1,10,10
"46",15,4,1,2,0,2,2,1,5,11,11
"47",16,3,1,2,0,3,5,4,3,12,13
"48",16,4,1,4,0,2,2,1,2,17,17
"50",15,4,1,2,0,4,4,1,3,12,12
"51",16,2,3,2,0,3,3,3,4,13,13
"53",15,4,2,1,0,5,5,4,5,9,9
"54",15,4,1,1,0,3,4,3,5,12,12
"56",16,2,1,2,0,3,4,1,2,13,12
"57",15,4,1,2,0,3,2,1,1,14,15
"58",15,4,1,2,0,2,2,1,5,15,16
"59",15,1,1,2,0,3,2,1,5,13,14
"61",16,4,1,2,0,4,4,3,4,16,16
"62",16,1,4,1,0,5,5,5,5,10,16
"63",16,1,1,2,0,4,3,1,1,13,10
"64",16,4,1,3,0,4,4,4,4,13,13
"65",15,4,1,2,0,4,4,4,2,12,12
"66",16,4,3,2,0,4,3,2,1,15,16
"69",15,2,2,2,0,1,3,3,4,10,11
"70",15,3,2,4,0,4,2,3,3,15,15
"71",16,3,2,4,0,3,2,1,5,11,11
"73",15,1,1,2,0,3,4,4,5,11,11
"75",16,3,1,2,0,3,3,4,5,11,11
"76",15,4,1,2,0,3,3,3,5,11,11
"77",15,4,2,4,0,4,3,1,1,11,11
"80",16,3,1,2,0,4,3,2,3,11,11
"81",15,2,1,1,0,2,2,3,3,11,12
"82",15,2,1,3,0,3,2,2,5,9,9
"83",15,3,1,2,0,4,4,1,5,11,11
"84",15,2,2,2,0,3,3,3,4,12,13
"86",15,4,2,2,0,4,4,3,5,11,12
"87",16,2,1,2,0,3,4,2,2,11,11
"88",15,4,1,3,0,3,3,3,1,15,15
"89",16,2,2,2,0,4,2,1,3,10,11
"90",16,4,1,2,0,1,3,5,5,9,10
"92",15,4,1,1,0,5,5,3,1,13,13
"93",16,3,1,2,0,3,3,3,2,13,12
"94",16,4,2,2,0,3,3,1,1,14,14
"95",15,2,1,4,0,3,4,1,4,12,12
"96",15,1,2,4,0,1,2,1,1,13,13
"97",16,4,2,1,0,3,3,1,4,11,11
"98",16,2,1,2,0,3,5,1,5,12,12
"99",16,4,1,1,0,3,4,2,1,13,13
"100",16,4,1,3,0,3,5,1,3,13,13
"102",16,4,1,3,0,4,3,1,4,16,16
"103",15,4,1,1,0,3,3,1,5,13,12
"104",15,3,2,2,0,3,5,1,2,10,10
"105",15,3,1,2,0,4,4,1,1,16,16
"106",15,3,1,4,0,3,3,1,4,10,10
"107",15,2,1,4,0,1,2,1,3,10,10
"108",16,3,1,3,0,3,3,1,5,14,14
"109",15,4,4,4,0,3,5,5,1,10,11
"110",16,4,1,3,0,4,5,1,4,15,14
"111",15,4,1,1,0,5,3,1,4,14,14
"112",16,3,1,3,0,1,2,1,2,11,11
"114",15,4,1,1,0,5,2,1,3,17,18
"115",15,2,1,2,0,4,2,1,5,9,10
"117",15,4,2,2,0,4,3,1,2,15,16
"118",16,3,2,1,0,4,2,1,5,14,15
"119",17,1,3,2,1,2,4,4,5,11,11
"120",15,3,1,1,0,4,3,2,4,13,14
"121",15,1,1,2,0,2,3,2,1,14,14
"122",15,2,1,4,0,5,4,2,5,13,13
"123",16,2,2,2,0,2,2,2,5,12,13
"124",16,4,1,1,0,4,4,4,5,13,13
"126",15,3,1,1,0,5,5,2,5,9,9
"127",15,3,1,2,0,3,2,1,1,11,11
"128",19,0,1,2,2,4,2,1,5,10,11
"129",16,4,1,1,0,5,5,5,4,14,15
"130",16,2,2,3,0,2,3,2,1,12,13
"131",15,3,2,3,0,2,2,2,5,11,12
"132",18,2,1,2,3,4,5,3,5,9,8
"133",17,2,3,1,0,2,2,2,5,10,11
"134",15,1,3,1,0,3,3,2,4,12,13
"135",17,2,1,1,0,4,4,3,5,12,12
"136",16,3,1,1,0,2,1,4,5,13,14
"137",16,2,4,1,0,2,1,1,2,9,11
"139",15,3,4,2,0,3,3,1,5,11,11
"140",15,4,1,3,0,3,3,1,5,14,15
"141",17,3,3,2,0,4,5,4,5,9,10
"142",16,1,4,2,0,1,3,1,3,13,13
"143",18,3,2,1,0,3,4,5,4,11,12
"144",18,3,1,3,0,3,3,1,5,11,11
"147",16,1,1,2,2,4,4,3,5,10,10
"148",15,4,2,1,0,3,2,1,5,14,14
"150",15,4,2,4,0,2,2,1,3,11,11
"151",15,3,1,2,0,3,2,3,1,8,9
"153",16,2,2,1,0,3,3,2,2,11,11
"154",15,4,1,3,0,2,2,1,5,13,13
"155",16,1,1,1,0,4,4,3,1,11,11
"156",17,2,1,1,0,4,5,2,5,7,6
"157",15,1,1,2,0,4,2,2,5,12,12
"159",15,3,1,2,1,3,2,1,3,11,11
"161",15,1,1,2,0,3,4,4,1,11,11
"162",16,4,1,1,0,3,2,1,5,9,8
"166",15,3,2,3,0,2,1,3,3,13,13
"167",19,3,1,1,0,5,4,1,4,9,11
"168",17,4,1,1,0,2,1,1,4,13,13
"169",15,2,1,2,0,4,4,1,1,8,8
"170",17,1,1,1,3,2,2,3,5,8,10
"171",18,1,3,1,3,2,5,5,4,10,11
"172",16,2,3,1,0,2,2,2,3,10,11
"173",16,3,1,2,1,5,5,4,5,10,1
"176",17,3,2,2,2,4,4,4,3,6,8
"177",15,1,2,1,0,4,4,4,5,9,10
"178",16,1,1,1,1,3,3,4,2,8,8
"179",17,1,4,2,0,3,5,5,5,8,8
"180",17,3,2,1,3,5,2,1,2,7,8
"181",16,2,1,2,0,3,5,4,4,10,11
"183",16,2,1,2,0,1,5,1,4,12,13
"184",16,4,1,2,0,4,2,1,3,16,17
"185",16,3,3,1,1,4,5,4,2,9,10
"187",17,4,1,2,0,4,4,3,5,9,10
"188",16,1,1,2,0,3,5,1,3,13,13
"189",16,3,2,2,0,4,5,1,4,14,15
"192",17,3,1,2,0,3,4,4,4,9,10
"193",16,4,1,1,0,3,3,4,3,9,11
"194",17,4,1,2,0,2,3,1,2,11,13
"195",16,4,1,2,0,4,3,3,3,10,11
"196",16,3,1,2,0,2,3,2,3,12,13
"198",17,3,1,2,0,3,3,3,1,13,14
"199",16,3,1,2,0,2,2,2,1,15,16
"200",17,3,1,2,0,3,4,3,4,13,14
"201",16,1,1,1,0,3,3,2,3,9,11
"202",16,2,1,2,0,2,3,2,5,14,16
"203",17,3,1,2,0,3,3,3,3,13,14
"204",17,1,1,2,0,1,3,5,3,9,10
"205",16,2,1,2,0,3,3,1,2,12,13
"206",17,1,1,2,0,3,3,1,3,11,12
"207",17,1,2,2,0,4,4,5,5,11,12
"208",16,3,1,1,0,3,2,4,5,10,10
"211",17,4,1,1,0,2,3,2,5,13,14
"212",16,3,3,1,0,3,4,5,3,11,12
"213",17,4,2,1,1,2,4,3,2,15,16
"214",16,4,1,2,0,5,2,2,3,10,11
"215",16,4,1,2,0,3,5,5,2,14,15
"217",17,1,1,2,0,4,4,3,1,15,15
"218",17,2,1,1,0,3,2,2,3,13,13
"219",16,2,2,4,0,3,5,1,5,13,13
"220",17,3,1,3,1,4,3,4,5,9,8
"221",16,3,1,2,0,3,3,2,4,11,12
"222",16,4,1,2,0,3,2,1,1,15,15
"223",16,1,2,1,0,3,2,4,5,13,13
"224",17,4,2,3,0,4,2,1,4,12,12
"225",19,3,1,4,0,3,3,2,3,12,12
"226",17,4,1,2,0,3,5,5,3,12,12
"227",16,2,1,2,0,3,4,1,4,13,13
"228",18,2,1,2,0,4,4,4,5,11,11
"229",17,4,1,1,0,2,1,2,3,11,11
"230",17,3,2,2,0,4,4,3,1,16,15
"231",17,4,1,2,0,4,5,4,1,9,10
"232",18,3,1,2,0,2,4,4,4,10,10
"233",17,2,2,1,0,3,3,4,3,13,13
"234",17,2,1,3,0,3,3,1,4,12,13
"235",17,2,2,2,0,2,5,2,5,10,11
"237",16,2,1,2,0,3,1,1,3,13,14
"239",16,4,1,3,0,3,2,1,5,16,16
"240",18,3,1,2,0,3,3,1,4,8,8
"241",17,3,1,2,0,3,4,3,3,18,17
"244",17,2,2,3,0,2,3,2,3,15,16
"245",17,4,1,2,0,2,3,2,3,12,12
"247",17,4,1,2,0,5,5,3,2,13,13
"248",16,4,1,2,0,2,4,4,1,13,14
"249",16,1,2,2,0,4,2,1,5,9,9
"251",17,2,1,2,0,4,2,5,4,16,16
"252",16,2,1,1,0,5,2,1,5,10,10
"253",16,4,1,2,0,3,3,2,5,13,13
"254",18,2,2,2,1,3,3,1,3,10,10
"256",18,3,2,1,1,1,1,1,3,7,7
"257",18,2,1,1,1,4,3,2,1,8,8
"258",17,4,1,1,0,2,1,2,5,8,9
"259",17,3,1,2,0,4,2,1,3,14,15
"260",17,1,1,3,0,3,2,2,4,10,10
"261",16,1,1,1,0,3,5,2,5,11,11
"262",17,2,3,2,0,1,1,1,3,13,13
"263",17,1,4,1,1,5,4,1,5,9,8
"264",18,2,1,2,0,5,4,5,2,7,8
"265",17,2,1,1,1,1,2,1,1,9,10
"268",17,4,2,2,0,5,5,4,5,15,15
"272",17,4,1,2,0,3,1,4,5,11,12
"274",17,3,2,3,0,2,2,3,5,11,11
"276",18,2,2,3,0,4,4,1,3,10,11
"280",22,3,1,1,3,4,5,5,1,8,5
"281",18,3,1,2,0,3,3,3,5,9,10
"282",16,0,1,1,0,3,2,4,5,12,11
"284",16,3,3,2,1,3,3,3,2,11,10
"287",17,2,1,1,0,4,2,4,5,12,13
"288",17,1,2,1,1,4,4,2,5,10,10
"290",17,4,1,4,0,2,3,1,4,15,17
"291",19,2,1,2,0,3,3,1,5,10,11
"292",18,2,3,2,1,4,5,4,5,10,11
"293",17,4,1,3,0,3,4,3,5,12,14
"296",19,4,1,2,0,3,1,1,1,13,14
"297",18,2,1,2,0,2,4,2,4,16,16
"298",17,2,2,1,0,2,2,1,4,10,10
"299",17,2,1,4,0,4,1,1,2,11,12
"300",20,2,2,2,0,2,3,2,2,12,12
"303",18,3,1,3,0,3,2,1,3,11,12
"304",17,3,1,3,0,2,3,1,4,12,13
"305",18,2,1,3,0,3,3,1,3,12,13
"308",17,3,1,2,0,4,4,4,5,11,14
"309",18,4,2,2,0,3,4,2,4,11,12
"310",18,4,1,2,0,4,5,3,5,12,14
"311",18,2,2,2,0,3,5,2,3,9,10
"312",19,3,1,2,0,3,5,3,5,12,12
"313",18,2,1,4,0,5,5,3,2,16,16
"314",18,1,2,2,0,4,3,1,3,13,13
"315",17,1,1,2,0,5,2,2,1,17,18
"317",17,2,2,2,0,3,3,1,1,16,16
"318",17,2,2,2,0,4,4,3,5,12,12
"319",18,3,2,2,0,1,1,1,5,9,10
"320",18,4,2,1,0,2,4,4,3,12,12
"321",18,4,1,2,1,4,4,1,4,12,13
"322",17,2,3,3,0,2,3,1,1,15,15
"323",19,3,1,2,1,3,3,3,3,8,10
"324",18,4,2,1,0,2,3,2,1,10,10
"328",18,1,2,4,0,2,2,1,3,17,18
"329",18,1,2,2,0,4,4,1,4,13,13
"330",17,2,1,2,0,4,5,2,5,12,14
"331",18,2,2,2,0,3,1,1,5,13,14
"332",17,1,1,2,0,3,3,2,4,12,12
"333",18,2,1,3,0,3,3,2,2,18,18
"334",17,1,1,3,0,3,3,1,3,13,14
"335",18,2,1,3,0,2,4,3,2,15,15
"336",18,4,1,2,0,4,3,1,2,17,17
"337",18,4,1,2,0,3,2,4,5,16,16
"338",17,4,1,3,0,2,2,2,3,18,18
"339",17,3,2,4,0,1,2,1,3,19,19
"340",18,3,2,3,0,4,2,1,4,15,15
"341",17,3,1,1,0,4,3,3,5,15,15
"342",19,4,2,2,0,3,4,3,2,13,13
"343",18,4,2,2,0,4,5,2,2,14,14
"344",18,4,1,4,0,3,3,1,3,17,17
"346",18,4,1,2,0,2,4,1,4,15,15
"348",17,4,2,3,0,3,4,1,5,7,8
"349",17,4,2,3,0,3,3,1,3,16,16
"350",17,3,1,4,0,2,2,2,5,18,18
"353",19,3,1,2,0,5,3,2,5,10,11
"354",18,1,1,2,0,4,4,2,5,10,11
"356",17,2,2,2,0,2,1,1,3,12,14
"357",17,4,1,1,0,4,4,1,5,16,17
"358",18,4,1,3,0,3,4,1,5,15,17
"359",18,4,2,1,0,2,4,4,1,12,15
"362",19,4,2,2,0,4,4,1,1,10,10
"363",18,4,1,2,0,4,4,3,5,11,13
"364",18,3,1,1,0,4,4,1,1,12,14
"365",17,4,1,1,0,3,4,2,5,15,17
"367",17,3,1,2,0,3,3,1,5,12,13
"368",17,2,1,2,0,2,3,2,2,12,14
"369",18,4,1,1,0,2,5,4,5,9,11
"371",19,1,3,2,2,3,4,1,4,8,9
"372",18,2,1,1,0,3,5,4,5,10,10
"373",17,2,1,2,0,2,2,1,3,13,13
"374",17,2,1,3,0,3,2,2,3,11,10
"375",17,3,1,3,0,4,3,3,5,18,17
"376",17,0,2,3,0,3,3,3,2,14,15
"377",18,1,2,3,0,5,5,2,2,14,14
"379",17,3,1,1,0,3,5,5,5,18,17
"380",17,2,4,1,0,4,5,5,4,10,10
"381",17,4,1,3,0,4,4,3,4,12,13
"384",18,2,1,4,0,5,5,4,5,11,12
"385",19,3,1,1,0,3,4,2,5,10,10
"386",18,2,4,2,0,2,5,1,2,9,10
"387",17,2,1,3,0,4,3,1,5,15,15
"388",18,2,1,1,0,4,2,2,5,14,15
"389",18,3,1,2,0,3,4,1,4,11,12
"390",18,2,1,2,0,3,3,1,2,9,12
"391",18,2,2,4,0,4,4,1,4,13,14
"392",17,3,1,3,0,4,5,3,5,13,14
"393",17,3,1,2,0,3,2,3,2,13,15
"394",18,3,1,4,0,3,3,1,1,14,15
"395",17,3,1,2,0,3,3,3,2,14,16
"398",17,2,1,2,0,3,1,2,4,12,14
"399",18,2,1,3,0,3,3,2,3,12,14
"400",18,3,1,3,0,4,3,3,1,16,17
"402",18,4,1,3,0,4,5,3,5,13,14
"403",17,4,1,3,0,4,3,3,4,12,13
"404",17,2,2,2,0,3,4,2,1,15,15
"405",17,2,1,2,0,3,5,4,4,16,16
"406",19,2,2,1,1,2,3,4,5,11,11
"408",21,4,1,3,2,3,2,1,5,12,12
"409",18,2,1,2,0,4,4,3,3,11,12
"410",18,3,1,2,0,3,5,4,2,14,15
"411",17,2,1,2,0,3,4,3,4,17,17
"413",18,4,1,2,0,2,2,1,3,17,17
"414",21,1,2,2,2,3,3,2,4,10,10
"415",20,1,2,3,0,2,2,3,3,15,15
"416",19,4,1,1,1,2,5,4,5,10,11
"417",17,3,1,2,0,4,4,2,5,18,18
"418",18,3,1,3,0,3,4,2,2,17,17
"419",18,2,1,1,0,1,3,5,4,14,14
"420",19,2,1,1,0,3,4,4,4,11,11
"422",20,1,2,1,1,3,1,1,5,10,10
"423",18,3,1,2,0,1,2,2,1,13,13
"424",16,1,2,1,0,3,3,3,5,11,11
"427",15,3,2,1,0,4,4,3,5,10,11
"428",16,2,2,2,0,5,2,2,5,17,17
"429",15,2,2,1,0,3,4,1,1,8,9
"430",16,4,1,2,0,3,2,3,2,11,11
"431",16,1,1,3,0,4,3,1,5,11,11
"432",17,3,1,2,1,5,4,2,5,10,10
"433",17,1,1,1,1,4,4,2,5,6,7
"434",15,4,2,1,0,5,1,5,5,14,14
"435",16,2,2,4,0,2,1,1,1,9,11
"437",15,1,2,1,1,4,3,2,2,7,8
"440",15,3,2,1,0,1,3,1,4,16,16
"441",16,1,2,2,0,4,5,5,3,0,0
"442",17,1,1,2,0,4,3,4,5,9,9
"443",15,4,1,2,0,3,4,2,2,13,14
"445",16,3,3,2,0,4,5,2,5,10,11
"446",15,1,4,2,0,4,5,4,4,9,9
"447",15,3,1,2,0,3,3,1,5,11,11
"449",16,4,2,3,0,2,2,1,4,16,17
"450",15,1,2,1,0,1,2,1,1,13,13
"451",16,2,3,2,0,5,4,2,1,15,15
"453",16,2,3,2,0,4,5,1,4,10,11
"454",16,1,1,3,1,3,2,2,4,8,8
"455",16,1,1,3,1,3,2,2,4,8,8
"456",15,2,1,2,0,4,2,3,2,10,9
"457",16,1,1,2,0,4,3,1,2,14,15
"459",16,1,4,4,0,3,2,1,1,10,13
"460",16,1,4,3,0,4,3,1,5,9,10
"461",15,1,2,2,0,3,3,1,2,10,11
"462",16,1,2,1,0,2,2,3,2,12,14
"465",16,1,2,1,0,4,4,4,5,11,11
"467",15,3,2,1,0,2,3,3,4,9,11
"468",16,2,3,2,0,3,4,1,2,13,14
"469",15,2,3,1,0,3,3,2,4,12,13
"470",16,4,1,2,0,3,1,1,3,12,13
"471",15,3,1,2,0,5,4,1,1,12,12
"472",16,2,2,2,1,4,4,3,5,11,12
"473",16,2,3,1,0,3,2,1,4,14,16
"474",16,2,2,1,0,4,3,3,4,8,10
"475",15,1,3,1,0,2,4,5,3,11,11
"476",15,2,2,3,0,3,2,1,4,13,14
"477",16,2,1,1,0,4,3,1,5,8,8
"478",15,3,2,1,0,3,3,4,3,10,11
"480",17,2,1,1,0,5,3,1,5,9,10
"483",15,1,2,1,0,2,1,3,4,10,9
"484",16,2,3,2,0,4,5,2,1,10,11
"485",16,2,1,1,0,3,4,2,1,7,8
"486",17,2,2,2,0,3,5,2,4,10,11
"487",16,2,1,1,1,4,3,4,3,10,10
"488",18,3,2,3,2,3,2,1,2,9,10
"489",19,1,1,3,1,3,1,1,3,9,9
"490",18,1,2,1,1,4,3,4,4,9,10
"491",18,1,2,1,1,2,3,1,2,11,10
"492",19,1,2,2,1,1,4,1,1,8,9
"493",16,2,1,2,0,3,2,1,3,10,10
"494",17,0,2,1,0,4,4,5,5,9,10
"497",16,1,1,1,0,4,4,2,4,14,14
"498",17,3,2,4,1,4,5,4,5,11,10
"499",16,2,1,2,0,3,3,1,1,13,14
"500",16,2,1,1,0,2,5,2,5,16,16
"501",17,1,1,1,1,3,5,5,1,7,7
"502",16,4,1,1,0,2,5,5,5,12,13
"503",17,2,3,4,1,3,5,5,3,8,9
"504",16,1,1,4,0,2,1,1,5,14,14
"505",19,2,1,3,0,4,5,1,1,13,13
"506",17,1,2,1,0,4,5,2,5,11,11
"507",20,3,2,2,1,3,4,4,3,9,10
"508",17,1,1,3,0,3,3,1,3,11,10
"510",16,1,3,2,0,3,2,1,1,17,18
"511",17,2,2,2,0,3,2,1,1,17,17
"513",18,1,1,2,1,3,2,1,5,7,7
"514",16,3,1,1,0,1,3,3,1,6,8
"515",16,3,1,1,0,1,3,4,3,6,7
"516",18,1,2,2,0,3,5,4,3,8,10
"517",16,4,1,2,0,3,3,3,2,16,16
"518",16,1,2,1,0,4,5,4,2,14,15
"519",18,2,1,2,1,3,2,3,1,5,8
"520",16,2,2,2,0,2,1,1,2,7,0
"521",16,1,3,2,0,3,2,3,5,8,8
"522",16,2,2,2,0,3,3,1,2,10,10
"523",16,4,1,2,0,3,4,2,3,8,8
"525",16,3,3,2,0,2,1,1,2,9,8
"526",17,4,1,3,0,4,3,2,5,14,16
"527",17,4,1,1,0,2,3,2,5,14,14
"528",16,2,4,3,0,1,3,2,3,9,10
"529",17,2,1,1,0,1,3,2,5,9,9
"530",16,4,2,1,0,1,3,2,5,11,11
"532",17,1,3,2,0,1,3,3,1,10,10
"533",16,2,2,2,0,2,2,4,5,7,8
"534",16,2,1,2,0,2,2,1,3,15,16
"535",16,4,1,1,0,1,2,5,5,12,12
"536",15,1,3,2,0,5,5,3,5,11,10
"537",15,2,3,4,0,4,5,3,5,14,14
"538",15,2,1,1,0,3,3,2,5,13,12
"541",17,3,2,1,0,3,3,2,1,11,11
"542",17,2,2,2,0,1,3,1,5,9,11
"543",16,4,2,3,0,3,5,4,5,11,12
"544",17,4,3,1,3,3,3,3,5,9,8
"545",17,1,2,1,0,1,2,3,5,11,12
"546",17,3,1,2,1,4,4,4,5,9,8
"547",17,4,1,2,0,2,5,1,5,15,16
"548",16,4,1,1,0,1,2,1,2,11,11
"549",17,1,1,2,0,5,5,2,3,10,11
"550",17,4,2,2,0,3,3,3,5,18,18
"551",16,2,2,2,0,1,2,2,5,13,13
"552",17,3,2,2,0,1,2,2,1,14,13
"554",17,1,1,1,0,1,2,1,5,11,12
"555",17,1,2,1,0,5,5,2,4,11,10
"556",16,1,1,3,0,3,4,1,3,14,13
"557",16,1,1,1,0,4,4,4,5,10,11
"558",17,3,2,2,3,4,4,1,5,9,10
"559",17,2,2,1,0,5,5,5,5,13,10
"560",18,1,3,1,1,3,2,1,4,12,13
"561",17,1,2,1,0,5,5,3,2,9,10
"562",18,1,2,2,0,3,3,4,5,9,10
"563",16,2,1,2,0,4,3,1,1,13,12
"564",17,2,1,1,1,2,1,3,5,0,0
"567",18,1,2,1,1,3,3,3,5,7,9
"569",19,3,2,1,3,2,1,1,3,11,9
"571",16,2,2,1,0,4,3,4,4,8,8
"572",19,2,2,1,3,4,3,3,5,9,9
"573",16,3,2,2,2,5,5,1,1,5,7
"574",17,1,1,1,0,3,2,2,5,9,10
"575",20,1,2,1,1,4,3,4,4,11,10
"576",18,4,1,1,0,4,4,4,2,11,10
"577",18,3,2,1,0,5,5,5,5,10,11
"578",19,1,3,2,1,4,4,3,2,9,11
"579",17,3,2,2,1,5,4,3,3,9,10
"580",18,1,1,1,0,3,3,3,3,10,9
"582",18,1,2,2,2,3,3,1,5,8,8
"585",17,0,2,1,0,4,3,1,5,11,11
"586",17,3,2,3,0,2,3,2,3,7,8
"587",17,4,1,2,0,5,5,3,5,8,0
"588",18,2,1,2,1,3,3,2,4,6,8
"590",17,1,1,1,0,5,1,1,3,10,10
"591",18,1,3,2,2,4,4,2,5,8,7
"593",17,3,2,1,0,4,3,1,4,12,13
"594",18,1,2,2,0,4,3,2,4,13,14
"595",18,4,2,2,0,3,5,2,1,18,18
"596",18,4,1,1,0,4,5,1,5,17,17
"597",17,4,2,2,0,3,3,2,4,18,18
"599",18,1,2,1,0,1,4,5,1,11,11
"600",18,4,3,1,0,5,5,1,1,13,14
"602",18,2,2,2,0,3,1,1,2,8,10
"603",18,2,2,3,0,4,5,4,3,12,13
"604",18,4,1,2,0,3,1,1,5,0,0
"607",17,4,2,4,0,2,3,1,5,18,18
"608",17,2,2,2,0,3,3,2,2,11,12
"609",18,1,1,2,0,2,3,2,3,10,11
"610",18,1,2,2,0,1,1,1,4,11,12
"612",18,2,2,3,0,2,1,1,4,14,15
"613",17,4,2,2,1,5,5,3,2,11,11
"614",18,3,1,2,0,3,4,1,5,10,10
"615",17,4,2,2,0,3,3,2,5,12,12
"616",17,3,2,2,0,2,3,2,5,14,15
"617",18,1,2,1,0,3,2,2,3,13,14
"618",18,1,2,3,0,3,2,1,4,17,18
"619",18,1,3,2,0,3,4,4,5,15,15
"620",18,3,2,2,0,3,2,3,3,12,13
"621",17,4,1,2,0,3,4,1,1,14,15
"623",18,1,2,2,0,3,4,4,3,10,9
"624",18,4,2,3,0,2,2,2,5,16,16
"625",17,1,3,1,1,2,1,2,1,8,9
"626",18,2,2,1,0,2,3,2,4,10,10
"627",18,4,3,2,0,2,2,2,5,5,0
"629",17,2,1,3,0,4,3,1,3,11,12
"630",17,1,1,1,0,5,5,3,1,8,9
"631",18,4,2,3,0,4,4,1,1,17,17
"632",18,1,4,3,0,3,2,2,4,11,12
"633",19,1,2,2,1,3,3,1,3,8,9
"634",18,4,1,2,0,4,3,4,2,14,14
"635",18,3,1,2,0,1,3,2,1,16,16
"636",17,3,1,2,0,5,4,3,1,9,9
"638",18,2,2,1,0,4,3,3,5,7,0
"639",17,2,2,2,0,4,3,1,3,15,16
"640",19,1,2,1,1,3,2,3,5,8,0
"641",18,4,2,1,1,4,3,3,3,7,0
"642",18,2,2,3,0,3,3,3,4,17,15
"643",17,4,2,2,0,5,4,1,1,9,11
"644",18,4,3,1,0,4,3,2,5,9,10
"646",18,3,1,2,0,3,4,1,1,15,16
"647",18,1,2,2,0,1,1,1,5,12,9
"648",17,3,2,1,0,4,5,4,2,10,10
"650",18,4,2,2,0,3,4,1,3,6,6
"651",17,1,1,2,0,3,3,1,3,5,6
"653",15,4,1,3,0,2,2,1,5,14,15
"654",16,3,1,2,0,3,2,2,5,10,10
"656",16,2,1,2,0,4,4,1,3,12,11
"657",17,4,2,2,0,1,4,1,1,5,6
"658",15,3,1,2,0,2,2,1,1,18,19
"660",15,4,1,2,0,3,3,2,2,8,9
"662",15,4,1,1,0,3,3,3,5,14,14
"663",15,4,2,2,0,4,3,2,3,10,11
"664",15,2,1,3,0,5,2,1,3,16,16
"665",16,4,1,1,0,4,4,2,2,14,14
"667",16,3,3,2,0,3,2,1,4,10,10
"668",17,3,1,1,3,5,5,4,5,5,5
"669",16,4,1,1,0,1,3,3,5,10,10
"670",15,4,1,2,0,4,1,1,1,14,15
"673",16,2,2,2,0,4,4,4,5,13,12
"674",15,2,1,3,0,3,2,1,5,9,8
"675",16,2,1,1,2,2,2,3,5,9,8
"676",15,2,1,1,0,2,2,2,5,12,11
"677",15,4,1,1,0,2,4,4,1,16,15
"678",16,3,1,2,0,3,3,1,5,11,11
"679",16,4,1,2,0,4,5,5,5,12,11
"680",15,4,1,2,0,4,2,4,5,11,12
"681",15,4,2,2,0,3,1,1,5,16,17
"682",15,4,1,2,0,5,2,1,5,16,16
"683",15,3,1,2,0,3,2,1,2,10,12
"684",16,3,1,1,0,4,3,1,5,14,15
"685",15,2,2,1,0,5,1,1,5,7,6
"686",15,4,1,3,0,4,3,1,4,16,18
"687",16,4,2,3,0,4,3,1,5,16,15
"692",15,4,1,2,0,3,3,1,5,18,18
"693",15,2,1,1,0,4,1,1,1,8,11
"694",16,2,2,2,1,3,3,2,5,10,9
"695",15,4,1,2,0,2,2,1,5,8,6
"698",15,4,1,2,0,3,3,2,5,15,14
"699",15,4,1,2,1,4,4,1,3,7,7
"700",16,2,3,2,0,3,3,3,4,13,13
"701",15,4,1,2,0,3,3,1,5,13,13
"703",15,4,1,1,0,3,4,3,5,10,11
"705",16,2,1,2,0,3,4,1,2,9,10
"706",15,4,1,2,0,3,2,1,1,15,15
"707",15,4,1,2,0,2,2,1,5,15,15
"708",15,1,1,2,0,3,2,1,5,10,9
"710",16,4,1,2,0,4,4,3,4,11,11
"711",16,1,4,1,0,5,5,5,5,8,11
"712",16,1,1,2,0,4,3,1,1,10,9
"713",16,4,1,3,0,4,4,4,4,9,9
"714",15,4,1,2,0,4,4,4,2,10,10
"715",16,4,3,2,0,4,3,2,1,15,15
"716",15,4,1,4,0,3,3,5,3,13,12
"717",16,3,1,4,0,3,3,2,5,7,6
"718",15,2,2,2,0,1,3,3,4,9,8
"719",15,3,2,4,0,4,2,3,3,16,16
"720",16,3,2,4,0,3,2,1,5,15,15
"721",15,4,1,4,0,3,3,1,3,10,10
"722",15,1,1,2,2,3,4,4,5,6,5
"723",16,3,1,1,0,3,2,2,5,12,14
"724",16,3,1,2,0,3,3,4,5,12,11
"725",15,4,1,2,0,3,3,3,5,9,10
"726",15,4,2,4,0,4,3,1,1,11,10
"727",16,2,1,4,0,2,3,3,3,11,11
"729",16,3,1,2,0,4,3,2,3,5,5
"730",15,2,1,1,0,2,2,3,3,12,12
"731",15,2,1,3,0,3,2,2,5,10,11
"732",15,3,1,2,0,4,4,1,5,6,6
"733",15,2,2,2,0,3,3,3,4,15,15
"734",15,1,1,2,0,3,2,3,4,10,10
"735",15,4,2,2,2,4,4,3,5,9,8
"736",16,2,1,2,0,3,4,2,2,7,6
"737",15,4,1,3,0,3,3,3,1,14,14
"738",16,2,2,2,1,4,2,1,3,10,10
"739",16,4,1,2,0,1,3,5,5,6,7
"740",16,3,1,3,0,3,3,3,4,7,8
"741",15,4,1,1,0,5,5,3,1,17,18
"742",16,3,1,2,0,3,3,3,2,6,6
"744",15,2,1,4,0,3,4,1,4,13,14
"745",15,1,2,4,1,1,2,1,1,10,10
"746",16,4,2,1,0,3,3,1,4,15,15
"747",16,2,1,2,0,3,5,1,5,9,10
"748",16,4,1,1,0,3,4,2,1,14,14
"749",16,4,1,3,0,3,5,1,3,9,8
"751",16,4,1,3,0,4,3,1,4,17,17
"752",15,4,1,1,0,3,3,1,5,13,14
"757",16,3,1,3,0,3,3,1,5,18,18
"758",15,4,4,4,0,3,5,5,1,13,13
"759",16,4,1,3,0,4,5,1,4,15,16
"760",15,4,1,1,0,5,3,1,4,19,19
"761",16,3,1,3,1,1,2,1,2,10,10
"762",16,2,1,2,1,1,2,1,5,13,13
"763",15,4,1,1,0,5,2,1,3,19,19
"764",15,2,1,2,0,4,2,1,5,9,9
"765",16,4,1,2,0,4,4,2,5,15,16
"766",15,4,2,2,0,4,3,1,2,13,14
"767",16,3,2,1,0,4,2,1,5,14,13
"768",17,1,3,2,1,2,4,4,5,7,8
"769",15,3,1,1,0,4,3,2,4,13,13
"770",15,1,1,2,0,2,3,2,1,15,15
"771",15,2,1,4,0,5,4,2,5,14,15
"772",16,2,2,2,0,2,2,2,5,13,13
"773",16,4,1,1,0,4,4,4,5,11,13
"774",16,2,1,2,0,4,4,1,5,7,8
"776",15,3,1,2,0,3,2,1,1,10,11
"777",19,0,1,2,3,4,2,1,5,8,9
"778",18,2,1,1,2,3,3,2,4,4,0
"779",16,4,1,1,0,5,5,5,4,18,18
"780",15,3,2,3,2,2,2,2,5,0,0
"782",17,2,1,1,0,4,4,3,5,13,12
"784",15,3,4,2,0,3,3,1,5,0,0
"785",15,4,1,3,0,3,3,1,5,0,0
"786",17,3,3,2,0,4,5,4,5,0,0
"788",16,1,1,2,1,4,4,3,5,12,12
"790",15,4,2,4,0,2,2,1,3,9,0
"791",16,2,2,1,2,3,3,2,2,9,9
"792",15,4,1,3,0,2,2,1,5,11,11
"794",17,2,1,1,3,4,5,2,5,0,0
"795",15,1,1,2,0,4,2,2,5,11,11
"796",15,3,1,2,3,3,2,1,3,7,0
"797",15,1,1,2,0,3,2,1,5,11,11
"798",16,4,1,1,0,3,2,1,5,6,0
"802",15,3,2,3,2,2,1,3,3,10,10
"803",19,3,1,1,3,5,4,1,4,0,0
"804",17,4,1,1,0,2,1,1,4,11,12
"805",15,2,1,2,0,4,4,1,1,8,8
"806",17,1,1,1,0,2,2,3,5,12,13
"808",16,2,3,1,0,2,2,2,3,15,15
"809",16,3,1,2,1,5,5,4,5,12,12
"810",17,2,2,1,2,3,2,2,5,6,0
"811",15,3,2,2,2,4,4,4,3,9,7
"812",16,1,2,1,1,4,4,4,5,0,0
"813",17,1,1,1,0,3,3,4,2,10,10
"814",17,1,4,2,3,3,5,5,5,8,7
"815",16,3,2,1,1,5,2,1,2,11,12
"816",16,2,1,2,0,3,5,4,4,10,10
"818",16,2,1,2,0,1,5,1,4,7,0
"820",16,3,3,1,2,4,5,4,2,5,0
"821",16,1,2,2,0,3,2,1,3,15,16
"823",16,1,1,2,3,3,5,1,3,7,0
"824",16,3,2,2,0,4,5,1,4,11,9
"825",17,4,2,2,0,4,4,4,4,9,9
"826",16,2,2,2,0,4,4,4,5,13,11
"827",17,3,1,2,0,3,4,4,4,5,6
"828",16,4,1,1,0,3,3,4,3,8,9
"829",17,4,1,2,0,2,3,1,2,10,11
"830",16,4,1,2,0,4,3,3,3,8,8
"831",16,3,1,2,0,2,3,2,3,13,12
"832",17,2,1,2,0,4,2,3,5,17,17
"833",17,3,1,2,0,3,3,3,1,9,8
"834",16,3,1,2,0,2,2,2,1,13,12
"835",17,3,1,2,0,3,4,3,4,12,11
"836",16,1,1,1,0,3,3,2,3,12,11
"837",16,2,1,2,0,2,3,2,5,15,15
"838",17,3,1,2,0,3,3,3,3,7,9
"839",17,1,1,2,0,1,3,5,3,9,10
"840",16,2,1,2,0,3,3,1,2,12,13
"841",17,1,1,2,0,3,3,1,3,8,9
"843",16,3,1,1,0,3,2,4,5,9,10
"845",17,2,1,2,0,3,2,1,5,15,15
"846",17,4,1,1,0,2,3,2,5,15,16
"847",16,3,3,1,0,3,4,5,3,9,10
"849",16,4,1,2,0,5,2,2,3,9,10
"851",16,2,1,2,0,4,3,3,4,10,10
"852",17,1,1,2,0,4,4,3,1,9,10
"853",17,2,1,1,0,3,2,2,3,6,6
"854",16,2,2,4,0,3,5,1,5,10,11
"855",17,3,1,3,1,4,3,4,5,9,9
"856",16,3,1,2,3,3,3,2,4,7,7
"857",16,4,1,2,0,3,2,1,1,12,13
"858",16,1,2,1,0,3,2,4,5,9,10
"859",17,4,2,3,0,4,2,1,4,7,7
"860",19,3,1,4,0,3,3,2,3,8,8
"861",17,4,1,2,0,3,5,5,3,12,13
"862",16,2,1,2,0,3,4,1,4,13,14
"863",18,2,1,2,1,4,4,4,5,7,8
"864",17,4,1,1,0,2,1,2,3,10,10
"865",17,3,2,2,0,4,4,3,1,15,15
"866",17,4,1,2,2,4,5,4,1,6,4
"867",18,3,1,2,1,2,4,4,4,6,8
"869",17,2,1,3,0,3,3,1,4,10,10
"870",17,2,2,2,0,2,5,2,5,6,6
"871",17,1,1,3,1,3,4,1,5,5,0
"872",16,2,1,2,0,3,1,1,3,16,17
"873",18,2,2,2,0,3,3,5,4,13,13
"874",16,4,1,3,0,3,2,1,5,13,14
"875",18,3,1,2,1,3,3,1,4,8,7
"876",17,3,1,2,0,3,4,3,3,15,15
"877",17,2,1,2,0,3,3,3,3,11,12
"878",18,2,4,2,0,3,2,5,3,8,9
"880",17,4,1,2,0,2,3,2,3,13,14
"881",17,2,2,2,0,5,2,1,1,11,11
"882",17,4,1,2,0,5,5,3,2,9,9
"883",16,4,1,2,0,2,4,4,1,13,13
"884",16,1,2,2,0,4,2,1,5,7,6
"885",16,3,2,3,0,3,3,3,2,9,10
"886",17,2,1,2,0,4,2,5,4,13,13
"887",16,2,1,1,0,5,2,1,5,12,12
"888",17,2,3,2,0,1,1,1,3,11,11
"890",17,4,2,2,0,5,5,4,5,12,12
"891",17,4,2,2,0,3,3,3,4,11,12
"892",16,4,1,1,0,4,5,1,3,0,0
"893",16,4,1,1,0,3,2,2,5,12,12
"894",18,2,2,3,0,4,4,1,3,0,0
"895",16,2,3,1,0,3,3,1,4,18,18
"896",17,2,2,1,0,2,2,1,2,12,13
"897",22,3,1,1,3,4,5,5,1,8,8
"900",18,3,2,1,1,4,5,4,5,8,8
"901",16,3,3,2,0,3,3,3,2,10,10
"902",18,2,1,1,1,2,5,5,5,9,8
"903",16,2,2,1,0,3,2,3,3,9,8
"904",17,2,1,1,0,4,2,4,5,12,12
"905",17,1,2,1,1,4,4,2,5,9,8
"906",17,4,1,4,0,2,3,1,4,12,13
"907",19,4,1,2,0,3,1,1,1,11,11
"909",17,2,1,4,0,4,1,1,2,9,0
"911",18,4,1,2,0,3,2,1,3,8,8
"912",18,3,1,3,0,3,2,1,3,12,12
"913",17,3,1,3,0,2,3,1,4,9,9
"914",18,2,1,3,0,3,3,1,3,10,0
"915",18,3,2,2,0,2,5,4,1,17,17
"916",17,3,1,2,0,4,4,4,5,9,10
"917",18,4,2,2,0,3,4,2,4,10,11
"918",18,4,1,2,0,4,5,3,5,9,10
"919",18,2,2,2,0,3,5,2,3,0,0
"920",19,3,1,2,2,3,5,3,5,9,9
"921",18,2,1,4,0,5,5,3,2,14,14
"922",18,1,2,2,0,4,3,1,3,11,11
"923",17,1,1,2,0,5,2,2,1,14,14
"924",17,2,2,2,0,3,3,1,1,10,10
"925",17,2,2,2,0,4,4,3,5,12,12
"927",18,4,2,1,0,2,4,4,3,9,9
"928",18,4,1,2,1,4,4,1,4,8,8
"929",18,4,2,1,0,2,3,2,1,11,10
"933",18,1,2,2,0,4,4,1,4,9,10
"934",17,2,1,2,0,4,5,2,5,9,11
"935",17,1,1,2,0,3,3,2,4,10,11
"936",18,2,1,3,0,3,3,2,2,18,19
"938",18,2,1,3,0,2,4,3,2,14,14
"939",18,4,1,2,0,4,3,1,2,13,15
"940",18,4,1,2,0,3,2,4,5,11,11
"941",17,4,1,3,0,2,2,2,3,15,15
"942",18,2,1,2,1,4,3,1,5,12,13
"943",17,3,2,4,0,1,2,1,3,18,18
"944",18,3,2,3,0,4,2,1,4,13,14
"945",17,3,1,1,0,4,3,3,5,12,11
"946",19,4,2,2,0,3,4,3,2,9,0
"947",18,4,2,2,0,4,5,2,2,8,8
"948",18,4,1,4,0,3,3,1,3,13,14
"949",18,4,1,1,0,4,2,2,1,15,16
"951",17,4,2,1,0,1,1,2,5,11,10
"952",17,4,2,3,0,3,3,1,3,12,14
"953",17,3,1,4,0,2,2,2,5,17,18
"955",18,2,1,2,1,4,3,1,3,12,12
"956",20,3,1,1,0,5,3,1,5,18,18
"957",19,4,2,1,1,3,4,1,4,9,8
"958",19,3,1,2,1,5,3,2,5,12,12
"959",19,1,1,2,1,4,3,3,3,10,10
"960",19,1,1,2,1,2,4,2,3,9,0
"961",19,2,3,2,0,4,1,1,2,12,13
"962",19,1,1,2,1,5,2,2,4,11,11
"964",19,1,1,3,2,1,2,1,3,13,13
"965",19,2,1,3,1,1,2,1,3,11,11
"966",18,2,2,2,0,3,3,2,1,8,0
"968",17,3,1,3,0,3,4,5,5,11,10
"969",18,4,1,2,0,4,4,3,5,11,11
"970",17,4,1,2,0,2,2,2,5,13,13
"971",17,2,1,2,0,2,2,1,3,9,9
"972",17,2,1,3,0,3,2,2,3,11,11
"973",17,3,1,3,0,4,3,3,5,14,15
"974",17,0,2,3,0,3,3,3,2,15,15
"975",18,4,1,3,0,3,3,2,3,12,11
"976",17,3,1,1,0,3,5,5,5,15,16
"977",17,2,4,1,0,4,5,5,4,10,10
"979",17,4,2,3,0,3,3,2,4,14,14
"980",18,2,1,4,0,5,5,4,5,8,8
"981",17,2,1,3,0,4,3,1,5,14,14
"982",18,3,1,2,0,3,4,1,4,0,0
"983",18,2,1,2,0,3,3,1,2,8,0
"986",19,3,1,3,1,4,3,2,5,13,13
"987",17,3,1,2,0,3,2,3,2,8,0
"988",18,3,1,4,0,3,3,1,1,15,17
"989",17,3,1,2,0,3,3,3,2,10,10
"990",19,2,1,3,1,3,4,3,3,12,11
"991",18,4,1,2,1,3,3,2,2,10,0
"992",18,3,1,2,0,3,3,3,5,15,15
"993",17,2,1,2,1,3,1,2,4,8,0
"995",18,3,1,3,0,4,3,3,1,13,14
"996",18,4,1,3,0,3,2,2,4,15,16
"997",18,4,1,3,0,4,5,3,5,10,9
"998",17,4,1,3,0,4,3,3,4,15,15
"999",18,3,2,1,1,5,5,5,5,13,13
"1000",19,1,3,2,3,4,4,3,2,7,8
"1001",17,3,2,2,0,5,4,3,3,13,13
"1002",18,1,1,1,1,3,3,3,3,7,8
"1004",17,4,2,2,0,5,5,3,2,11,11
"1005",18,3,1,2,0,3,4,1,5,9,9
"1007",17,3,2,2,0,2,3,2,5,12,11
"1008",18,1,2,1,0,3,2,2,3,10,10
"1009",18,1,2,3,0,3,2,1,4,16,16
"1010",18,1,3,2,0,3,4,4,5,13,13
"1011",18,1,2,2,1,4,3,3,5,12,12
"1012",18,3,2,2,0,3,2,3,3,11,10
"1013",17,4,1,2,0,3,4,1,1,15,15
"1015",18,1,2,2,0,3,4,4,3,10,10
"1017",17,1,3,1,1,2,1,2,1,6,0
"1018",18,2,2,1,0,2,3,2,4,10,10
"1019",18,4,3,2,0,2,2,2,5,12,11
"1020",19,3,2,2,2,2,2,1,3,7,9
"1022",17,2,1,3,0,4,3,1,3,11,11
"1023",17,1,1,1,0,5,5,3,1,5,5
"1024",18,4,2,3,0,4,4,1,1,18,19
"1025",18,1,4,3,0,3,2,2,4,8,10
"1026",20,4,2,3,2,4,3,1,3,14,15
"1027",18,4,1,2,0,4,3,4,2,9,10
"1028",18,3,1,2,0,1,3,2,1,15,15
"1029",17,3,1,2,0,5,4,3,1,10,10
"1031",18,2,2,1,0,4,3,3,5,6,7
"1034",18,4,2,1,1,4,3,3,3,5,5
"1035",18,2,2,3,0,3,3,3,4,9,10
"1036",18,4,3,1,0,4,3,2,5,5,6
"1037",19,2,1,3,1,4,2,2,5,5,0
"1038",18,3,1,2,0,3,4,1,1,9,8
"1039",18,1,2,2,1,1,1,1,5,5,0
"1040",20,2,1,2,2,5,4,5,4,9,9
"1041",17,3,2,1,0,4,5,4,2,16,16
"1044",19,1,1,1,0,2,3,3,5,9,9
